[
    {
        "saytex": "begin",
        "latex": "{",
        "left_space": 0,
        "right_space": 0
    },
    {
        "saytex": "end",
        "latex": "}",
        "left_space": 0,
        "right_space": 1
    },
    {
        "saytex": "line break",
        "latex": "\\\\"
    },
    {
        "saytex": "left parenthesis",
        "latex": "\\left("
    },
    {
        "saytex": "right parenthesis",
        "latex": "\\right)"
    },
    {
        "saytex": "left brace",
        "latex": "\\left\\{"
    },
    {
        "saytex": "right brace",
        "latex": "\\right\\}"
    },
    {
        "saytex": "left ceil",
        "latex": "\\lceil"
    },
    {
        "saytex": "right ceil",
        "latex": "\\rceil"
    },
    {
        "saytex": "left floor",
        "latex": "\\lfloor"
    },
    {
        "saytex": "right floor",
        "latex": "\\rfloor"
    },
    {
        "saytex": "left square bracket",
        "latex": "\\left["
    },
    {
        "saytex": "right square bracket",
        "latex": "\\right]"
    },
    {
        "saytex": "left angle bracket",
        "latex": "\\left\\langle"
    },
    {
        "saytex": "right angle bracket",
        "latex": "\\right\\rangle"
    },

    {
        "saytex": "there exists",
        "latex": "\\exists"
    },
    {
        "saytex": "there exists exactly one",
        "latex": "\\exists!"
    },
    {
        "saytex": "there is no",
        "latex": "\\nexists"
    },
    {
        "saytex": "for all",
        "latex": "\\forall"
    },

    {
        "saytex": "implies",
        "latex": "\\implies"
    },
    {
        "saytex": "if and only if",
        "latex": "\\iff"
    },

    {
        "saytex": "equals",
        "latex": "="
    },
    {
        "saytex": "is approximately",
        "latex": "\\approx"
    },
    {
        "saytex": "is congruent to",
        "latex": "\\cong"
    },
    {
        "saytex": "is equivalent to",
        "latex": "\\equiv"
    },
    {
        "saytex": "is similar or equal to",
        "latex": "\\simeq"
    },
    {
        "saytex": "is similar to",
        "latex": "\\sim"
    },
    {
        "saytex": "is proportional to",
        "latex": "\\propto"
    },
    {
        "saytex": "is not equal to",
        "latex": "\\neq"
    },

    {
        "saytex": "is parallel with",
        "latex": "\\parallel"
    },
    {
        "saytex": "is asymptotic to",
        "latex": "\\asymp"
    },
    {
        "saytex": "in",
        "latex": "\\in"
    },
    {
        "saytex": "is perpendicular to",
        "latex": "\\perp"
    },
    {
        "saytex": "models",
        "latex": "\\models"
    },
    {
        "saytex": "is not parallel with",
        "latex": "\\nparallel"
    },
    {
        "saytex": "bow tie",
        "latex": "\\bowtie"
    },
    {
        "saytex": "turnstile",
        "latex": "\\vdash"
    },
    {
        "saytex": "reversed turnstile",
        "latex": "\\dashv"
    },
    {
        "saytex": "has member",
        "latex": "\\ni"
    },
    {
        "saytex": "smile",
        "latex": "\\smile"
    },
    {
        "saytex": "frown",
        "latex": "\\frown"
    },
    {
        "saytex": "not in",
        "latex": "\\notin"
    },
    {
        "saytex": "divides",
        "latex": "\\mid"
    },
    {
        "saytex": "does not divide",
        "latex": "\\nmid"
    },

    {
        "saytex": "is less than",
        "latex": "<"
    },
    {
        "saytex": "is less than or equal to slanted",
        "latex": "\\leqslant"
    },
    {
        "saytex": "is not less than",
        "latex": "\\nless"
    },
    {
        "saytex": "is neither less than nor equal to",
        "latex": "\\nleq"
    },
    {
        "saytex": "precedes",
        "latex": "\\prec"
    },
    {
        "saytex": "does not precede",
        "latex": "\\nprec"
    },
    {
        "saytex": "precedes or equals",
        "latex": "\\preceq"
    },
    {
        "saytex": "neither precedes nor equals",
        "latex": "\\npreceq"
    },
    {
        "saytex": "is much less than",
        "latex": "\\ll"
    },
    {
        "saytex": "is very much less than",
        "latex": "\\lll"
    },
    {
        "saytex": "is less than or equal to",
        "latex": "\\leq"
    },
    {
        "saytex": "is a proper subset of",
        "latex": "\\subset"
    },
    {
        "saytex": "is not a proper subset of",
        "latex": "\\not\\subset"
    },
    {
        "saytex": "is a subset of",
        "latex": "\\subseteq"
    },
    {
        "saytex": "is not a subset of",
        "latex": "\\nsubseteq"
    },
    {
        "saytex": "is a proper subset of squared",
        "latex": "\\sqsubset"
    },
    {
        "saytex": "is a subset of squared",
        "latex": "\\sqsubseteq"
    },
    
    {
        "saytex": "is greater than",
        "latex": ">"
    },
    {
        "saytex": "is greater than or equal to slanted",
        "latex": "\\geqslant"
    },
    {
        "saytex": "is not greater than",
        "latex": "\\ngtr"
    },
    {
        "saytex": "is neither greater than nor equal to",
        "latex": "\\ngeq"
    },
    {
        "saytex": "succeeds",
        "latex": "\\succ"
    },
    {
        "saytex": "does not succeed",
        "latex": "\\nsucc"
    },
    {
        "saytex": "succeeds or equals",
        "latex": "\\succeq"
    },
    {
        "saytex": "neither succeeds nor equals",
        "latex": "\\nsucceq"
    },
    {
        "saytex": "is much greater than",
        "latex": "\\gg"
    },
    {
        "saytex": "is very much greater than",
        "latex": "\\ggg"
    },
    {
        "saytex": "is greater than or equal to",
        "latex": "\\geq"
    },
    {
        "saytex": "is a proper superset of",
        "latex": "\\supset"
    },
    {
        "saytex": "is not a proper superset of",
        "latex": "\\not\\supset"
    },
    {
        "saytex": "is a superset of",
        "latex": "\\supseteq"
    },
    {
        "saytex": "is not a superset of",
        "latex": "\\nsupseteq"
    },
    {
        "saytex": "is a proper superset of squared",
        "latex": "\\sqsupset"
    },
    {
        "saytex": "is a superset of squared",
        "latex": "\\sqsupseteq"
    }
]