[
    {
        "saytex": "fraction",
        "latex": "\\frac",
        "left_space": 1,
        "right_space": 0
    },
    {
        "saytex": "binomial coefficient",
        "latex": "\\binom",
        "left_space": 1,
        "right_space": 0
    },
    {
        "saytex": "small space",
        "latex": "\\,"
    },
    {
        "saytex": "medium space",
        "latex": "\\:"
    },
    {
        "saytex": "big space",
        "latex": "\\;"
    },
    {
        "saytex": "full space",
        "latex": "\\quad"
    },
    {
        "saytex": "double full space",
        "latex": "\\qquad"
    },
    {
        "saytex": "negative small space",
        "latex": "\\!"
    },
    {
        "saytex": "centered dots",
        "latex": "\\cdots"
    },
    {
        "saytex": "lower dots",
        "latex": "\\ldots"
    },
    {
        "saytex": "vertical dots",
        "latex": "\\vdots"
    },
    {
        "saytex": "diagonal dots",
        "latex": "\\ddots"
    },

    {
        "saytex": "limit inferior",
        "latex": "\\liminf"
    },
    {
        "saytex": "limit superior",
        "latex": "\\limsup"
    },
    {
        "saytex": "limit",
        "latex": "\\lim"
    }
]