[
    {
        "saytex": "integral",
        "latex": "\\int"
    },
    {
        "saytex": "double integral",
        "latex": "\\iint"
    },
    {
        "saytex": "triple integral",
        "latex": "\\iiint"
    },
    {
        "saytex": "closed curve integral",
        "latex": "\\oint"
    },
    {
        "saytex": "sum",
        "latex": "\\sum"
    },
    {
        "saytex": "partial",
        "latex": "\\partial"
    },
    {
        "saytex": "aleph",
        "latex": "\\aleph"
    },

    {
        "saytex": "angle",
        "latex": "\\angle"
    },
    {
        "saytex": "triangle",
        "latex": "\\triangle"
    },
    {
        "saytex": "measured angle",
        "latex": "\\measuredangle"
    },
    {
        "saytex": "square",
        "latex": "\\square"
    },

    {
        "saytex": "natural numbers",
        "latex": "\\N"
    },
    {
        "saytex": "integers",
        "latex": "\\Z"
    },
    {
        "saytex": "rational numbers",
        "latex": "\\Q"
    },
    {
        "saytex": "real numbers",
        "latex": "\\R"
    },
    {
        "saytex": "complex numbers",
        "latex": "\\C"
    },
    {
        "saytex": "empty set",
        "latex": "\\emptyset"
    },
    {
        "saytex": "prime",
        "latex": "'",
        "left_space": 0
    },
    {
        "saytex": "double prime",
        "latex": "''",
        "left_space": 0
    },
    {
        "saytex": "infinity",
        "latex": "\\infty"
    }
]