[
    {
        "from": ["divided by", "devide by"],
        "to": "over"
    },
    {
        "from": ["multiplied by", "times"],
        "to": "centered dot"
    },
    {
        "from": ["to the power of", "raised to", "raise to"],
        "to": "superscript"
    },
    {
        "from": ["integrate", "integration"],
        "to": "integral"
    },
    {
        "from": ["reals","real"],
        "to": "real numbers"
    },
    {
        "from": ["squared","square"],
        "to": "superscript 2"
    },
    {
        "from": ["cubed", "cube"],
        "to": "superscript 3"
    },
    {
        "from": ["tan"],
        "to": "tangent"
    },
    {
        "from": ["plus minus"],
        "to": "plus or minus"
    },
    {
        "from": ["minus plus"],
        "to": "minus or plus"
    },
    {
        "from": ["sub"],
        "to": "subscript"
    },
    {
        "from": ["intersect","cap","intersected with"],
        "to": "intersection"
    },
    {
        "from": ["unioned with","cup"],
        "to": "union"
    },
    {
        "from": ["open"],
        "to": "left parenthesis"
    },
    {
        "from": ["close"],
        "to": "right parenthesis"
    },
    {
        "from": ["is equal to","equal to"],
        "to": "equals"
    },
    {
        "from": ["curly bracket"],
        "to": "brace"
    },
    {
        "from": ["not equal to","does not equal", "not equal"],
        "to": "is not equal to"
    },
    {
        "from": ["less than"],
        "to": "is less than"
    },
    {
        "from": ["greater than"],
        "to": "is greater than"
    }
]